{
  "loss": [
    0.7672824030074181,
    0.6839864251988127,
    0.67416896730837,
    0.6683307125774449,
    1.1081381957410648,
    0.6553075002801819,
    0.6511965756689011,
    0.6482588497592946,
    0.6450155122131666,
    0.6435161756814551,
    0.6406491369204723,
    0.6382065304749627,
    1.6410754456567211,
    0.6358975874472839,
    0.6333123013372206,
    0.6316399140284904,
    0.6322555742265006,
    0.6313764574197207,
    4.144073849128573,
    0.6295108512791805,
    0.6305060951983128,
    0.628413281606851,
    0.6256580507705497,
    1.540244452925446,
    0.6231634069309038,
    0.6244146812113226,
    5.7546620316624635,
    0.6215669088345577,
    0.622101396811466,
    0.6230972191798664,
    0.6198118968484781,
    5.3496987185235065,
    0.6218387982614548
  ],
  "lr": [
    0.02,
    0.02,
    0.02,
    0.02,
    0.02,
    0.02,
    0.02,
    0.02,
    0.02,
    0.02,
    0.02,
    0.02,
    0.02,
    0.02,
    0.02,
    0.02,
    0.02,
    0.02,
    0.02,
    0.02,
    0.02,
    0.02,
    0.02,
    0.02,
    0.02,
    0.02,
    0.02,
    0.02,
    0.02,
    0.02,
    0.02,
    0.02,
    0.02
  ],
  "val_0_unsup_loss_numpy": [
    0.7691942453384399,
    0.7083568572998047,
    0.7243510484695435,
    0.723377525806427,
    0.7338391542434692,
    0.9832582473754883,
    0.7200784087181091,
    0.6944798827171326,
    0.6951149702072144,
    0.714385986328125,
    5.80765962600708,
    3.757808208465576,
    0.7120820879936218,
    16.246124267578125,
    10.350616455078125,
    0.723405122756958,
    0.7128602862358093,
    0.6927589774131775,
    0.7168195247650146,
    0.8308143615722656,
    6.088788986206055,
    46.78065872192383,
    301.2529296875,
    21.764249801635742,
    0.7025440335273743,
    8.071955680847168,
    498.9377746582031,
    0.7977678775787354,
    0.7209311127662659,
    0.7110450267791748,
    5.005151271820068,
    0.728927493095398,
    0.7206364274024963
  ]
}